cell_type	gene	counts	avg	Freq	perc_expr
Tgd	ADORA2A	0	NA	733	0
CD8+ Tmem	ADORA2A	0	NA	1547	0
cDC	ADORA2A	0	NA	31	0
Mono/Mφ	ADORA2A	0	NA	396	0
CD4+ Tconv	ADORA2A	1	1.991386890411377	1876	5.330490405117271e-4
NK	ADORA2A	0	NA	247	0
Neutrophil	ADORA2A	0	NA	403	0
CD8+ Teff	ADORA2A	0	NA	120	0
B cell	ADORA2A	0	NA	353	0
pDC	ADORA2A	0	NA	78	0
CD4+ Treg	ADORA2A	0	NA	275	0
CD8+ Texh	ADORA2A	0	NA	50	0
Mast	ADORA2A	0	NA	20	0
Plasma cell	ADORA2A	0	NA	9	0
Tgd	ARG1	0	NA	733	0
CD8+ Tmem	ARG1	0	NA	1547	0
cDC	ARG1	0	NA	31	0
Mono/Mφ	ARG1	0	NA	396	0
CD4+ Tconv	ARG1	0	NA	1876	0
NK	ARG1	0	NA	247	0
Neutrophil	ARG1	6	3.8741092681884766	403	0.01488833746898263
CD8+ Teff	ARG1	0	NA	120	0
B cell	ARG1	0	NA	353	0
pDC	ARG1	0	NA	78	0
CD4+ Treg	ARG1	0	NA	275	0
CD8+ Texh	ARG1	0	NA	50	0
Mast	ARG1	0	NA	20	0
Plasma cell	ARG1	0	NA	9	0
Tgd	BTLA	1	2.1467137336730957	733	0.001364256480218281
CD8+ Tmem	BTLA	55	2.471011666818099	1547	0.03555268261150614
cDC	BTLA	3	1.5011229117711384	31	0.0967741935483871
Mono/Mφ	BTLA	2	5.326695680618286	396	0.005050505050505051
CD4+ Tconv	BTLA	56	2.4596784306424007	1876	0.029850746268656716
NK	BTLA	0	NA	247	0
Neutrophil	BTLA	1	3.82883882522583	403	0.0024813895781637717
CD8+ Teff	BTLA	2	2.553938388824463	120	0.016666666666666666
B cell	BTLA	77	2.952314550226385	353	0.21813031161473087
pDC	BTLA	8	1.9183910340070724	78	0.10256410256410256
CD4+ Treg	BTLA	26	2.5842025096599874	275	0.09454545454545454
CD8+ Texh	BTLA	1	1.405489444732666	50	0.02
Mast	BTLA	0	NA	20	0
Plasma cell	BTLA	1	1.2860779762268066	9	0.1111111111111111
Tgd	BTN3A1	119	2.8560981289679264	733	0.16234652114597545
CD8+ Tmem	BTN3A1	313	2.636695527801879	1547	0.20232708468002586
cDC	BTN3A1	0	NA	31	0
Mono/Mφ	BTN3A1	11	2.4576039856130425	396	0.027777777777777776
CD4+ Tconv	BTN3A1	250	2.624571789741516	1876	0.13326226012793177
NK	BTN3A1	37	2.5585184065071314	247	0.14979757085020243
Neutrophil	BTN3A1	19	4.108661425741095	403	0.04714640198511166
CD8+ Teff	BTN3A1	23	2.411479379819787	120	0.19166666666666668
B cell	BTN3A1	23	2.5855856252753218	353	0.06515580736543909
pDC	BTN3A1	8	1.7974542081356049	78	0.10256410256410256
CD4+ Treg	BTN3A1	51	2.421171270164789	275	0.18545454545454546
CD8+ Texh	BTN3A1	14	2.2160080586160933	50	0.28
Mast	BTN3A1	4	2.364293396472931	20	0.2
Plasma cell	BTN3A1	5	1.547664213180542	9	0.5555555555555556
Tgd	BTN3A2	292	3.011157669433176	733	0.39836289222373805
CD8+ Tmem	BTN3A2	591	2.8129789429872774	1547	0.3820297349709114
cDC	BTN3A2	3	1.5402799844741821	31	0.0967741935483871
Mono/Mφ	BTN3A2	33	2.270450310273604	396	0.08333333333333333
CD4+ Tconv	BTN3A2	550	2.8313579333912244	1876	0.2931769722814499
NK	BTN3A2	100	2.833366184234619	247	0.4048582995951417
Neutrophil	BTN3A2	22	4.038460200483149	403	0.05459057071960298
CD8+ Teff	BTN3A2	65	2.771137479635385	120	0.5416666666666666
B cell	BTN3A2	87	2.874258607283406	353	0.24645892351274787
pDC	BTN3A2	13	2.0304996508818407	78	0.16666666666666666
CD4+ Treg	BTN3A2	104	2.67058202624321	275	0.3781818181818182
CD8+ Texh	BTN3A2	28	2.157712548971176	50	0.56
Mast	BTN3A2	2	3.132154941558838	20	0.1
Plasma cell	BTN3A2	0	NA	9	0
Tgd	CCL5	669	6.425065777939709	733	0.91268758526603
CD8+ Tmem	CCL5	1452	5.9247972402034055	1547	0.9385908209437621
cDC	CCL5	8	1.7362967431545258	31	0.25806451612903225
Mono/Mφ	CCL5	33	3.481488206169822	396	0.08333333333333333
CD4+ Tconv	CCL5	805	4.0846703357578065	1876	0.4291044776119403
NK	CCL5	215	5.7109154579251316	247	0.8704453441295547
Neutrophil	CCL5	13	4.220104767726018	403	0.03225806451612903
CD8+ Teff	CCL5	119	6.044905333959756	120	0.9916666666666667
B cell	CCL5	31	2.8652239653371994	353	0.08781869688385269
pDC	CCL5	11	1.8930161541158503	78	0.14102564102564102
CD4+ Treg	CCL5	60	3.7935471256573994	275	0.21818181818181817
CD8+ Texh	CCL5	45	5.794100626309713	50	0.9
Mast	CCL5	1	3.8702640533447266	20	0.05
Plasma cell	CCL5	3	1.5506972471872966	9	0.3333333333333333
Tgd	CD27	96	2.931499176969131	733	0.13096862210095497
CD8+ Tmem	CD27	776	3.260431762362264	1547	0.5016160310277957
cDC	CD27	1	1.474423885345459	31	0.03225806451612903
Mono/Mφ	CD27	7	2.5356722388948714	396	0.017676767676767676
CD4+ Tconv	CD27	612	3.1206722645198597	1876	0.326226012793177
NK	CD27	11	2.4076279510151255	247	0.044534412955465584
Neutrophil	CD27	1	3.4437954425811768	403	0.0024813895781637717
CD8+ Teff	CD27	18	3.2600527339511447	120	0.15
B cell	CD27	70	3.164863213471004	353	0.19830028328611898
pDC	CD27	1	1.9641824960708618	78	0.01282051282051282
CD4+ Treg	CD27	220	3.749613531069322	275	0.8
CD8+ Texh	CD27	26	2.5437746827418986	50	0.52
Mast	CD27	0	NA	20	0
Plasma cell	CD27	5	2.8868582248687744	9	0.5555555555555556
Tgd	CD274	0	NA	733	0
CD8+ Tmem	CD274	19	2.359968248166536	1547	0.012281835811247576
cDC	CD274	3	2.042389392852783	31	0.0967741935483871
Mono/Mφ	CD274	11	2.4895526387474756	396	0.027777777777777776
CD4+ Tconv	CD274	16	2.699726089835167	1876	0.008528784648187633
NK	CD274	2	1.8309392929077148	247	0.008097165991902834
Neutrophil	CD274	11	4.1656224727630615	403	0.02729528535980149
CD8+ Teff	CD274	1	2.9631221294403076	120	0.008333333333333333
B cell	CD274	0	NA	353	0
pDC	CD274	0	NA	78	0
CD4+ Treg	CD274	9	2.4943824211756387	275	0.03272727272727273
CD8+ Texh	CD274	0	NA	50	0
Mast	CD274	1	2.140227794647217	20	0.05
Plasma cell	CD274	0	NA	9	0
Tgd	CD276	1	2.540839910507202	733	0.001364256480218281
CD8+ Tmem	CD276	3	2.3761691649754844	1547	0.0019392372333548805
cDC	CD276	2	1.3162005543708801	31	0.06451612903225806
Mono/Mφ	CD276	7	1.8764112847191947	396	0.017676767676767676
CD4+ Tconv	CD276	8	2.425204962491989	1876	0.0042643923240938165
NK	CD276	0	NA	247	0
Neutrophil	CD276	2	4.352584958076477	403	0.004962779156327543
CD8+ Teff	CD276	0	NA	120	0
B cell	CD276	4	2.9111384749412537	353	0.0113314447592068
pDC	CD276	0	NA	78	0
CD4+ Treg	CD276	1	1.936611294746399	275	0.0036363636363636364
CD8+ Texh	CD276	0	NA	50	0
Mast	CD276	0	NA	20	0
Plasma cell	CD276	1	1.752125859260559	9	0.1111111111111111
Tgd	CD28	4	2.065769761800766	733	0.005457025920873124
CD8+ Tmem	CD28	212	2.6486801156457864	1547	0.13703943115707823
cDC	CD28	0	NA	31	0
Mono/Mφ	CD28	1	1.800429105758667	396	0.0025252525252525255
CD4+ Tconv	CD28	294	2.7164042020330625	1876	0.15671641791044777
NK	CD28	0	NA	247	0
Neutrophil	CD28	1	4.590643405914307	403	0.0024813895781637717
CD8+ Teff	CD28	0	NA	120	0
B cell	CD28	0	NA	353	0
pDC	CD28	0	NA	78	0
CD4+ Treg	CD28	108	2.567672750464192	275	0.3927272727272727
CD8+ Texh	CD28	13	2.057067348406865	50	0.26
Mast	CD28	0	NA	20	0
Plasma cell	CD28	0	NA	9	0
Tgd	CD40	8	2.8136048913002014	733	0.010914051841746248
CD8+ Tmem	CD40	17	2.914674758911133	1547	0.01098901098901099
cDC	CD40	18	2.276550703578525	31	0.5806451612903226
Mono/Mφ	CD40	52	2.605618859712894	396	0.13131313131313133
CD4+ Tconv	CD40	17	2.5620792893802418	1876	0.00906183368869936
NK	CD40	3	2.3105845053990683	247	0.012145748987854251
Neutrophil	CD40	0	NA	403	0
CD8+ Teff	CD40	0	NA	120	0
B cell	CD40	144	2.950382356842359	353	0.40793201133144474
pDC	CD40	9	2.03884658548567	78	0.11538461538461539
CD4+ Treg	CD40	10	2.6195284843444826	275	0.03636363636363636
CD8+ Texh	CD40	0	NA	50	0
Mast	CD40	1	2.170766830444336	20	0.05
Plasma cell	CD40	3	1.3335389693578084	9	0.3333333333333333
Tgd	CD40LG	3	2.178699334462484	733	0.004092769440654843
CD8+ Tmem	CD40LG	34	2.967382220660939	1547	0.02197802197802198
cDC	CD40LG	0	NA	31	0
Mono/Mφ	CD40LG	3	4.02157739798228	396	0.007575757575757576
CD4+ Tconv	CD40LG	386	2.861806020217856	1876	0.20575692963752665
NK	CD40LG	0	NA	247	0
Neutrophil	CD40LG	1	4.62952995300293	403	0.0024813895781637717
CD8+ Teff	CD40LG	3	3.2862536907196045	120	0.025
B cell	CD40LG	0	NA	353	0
pDC	CD40LG	1	1.6783894300460815	78	0.01282051282051282
CD4+ Treg	CD40LG	21	2.8111611547924222	275	0.07636363636363637
CD8+ Texh	CD40LG	2	1.6214756965637207	50	0.04
Mast	CD40LG	0	NA	20	0
Plasma cell	CD40LG	0	NA	9	0
Tgd	CD70	45	3.0728876219855414	733	0.061391541609822645
CD8+ Tmem	CD70	192	2.807469053193927	1547	0.12411118293471235
cDC	CD70	4	2.1410124003887177	31	0.12903225806451613
Mono/Mφ	CD70	1	2.2572274208068848	396	0.0025252525252525255
CD4+ Tconv	CD70	186	3.027869177120988	1876	0.09914712153518124
NK	CD70	7	2.4820968082972934	247	0.02834008097165992
Neutrophil	CD70	1	2.830350637435913	403	0.0024813895781637717
CD8+ Teff	CD70	9	2.766432073381212	120	0.075
B cell	CD70	36	3.053061203824149	353	0.10198300283286119
pDC	CD70	0	NA	78	0
CD4+ Treg	CD70	29	2.4610679848440764	275	0.10545454545454545
CD8+ Texh	CD70	10	1.7560315370559691	50	0.2
Mast	CD70	0	NA	20	0
Plasma cell	CD70	2	2.4396037459373474	9	0.2222222222222222
Tgd	CD80	0	NA	733	0
CD8+ Tmem	CD80	11	2.397503213448958	1547	0.007110536522301228
cDC	CD80	4	2.1116985380649567	31	0.12903225806451613
Mono/Mφ	CD80	13	1.9246912736159105	396	0.03282828282828283
CD4+ Tconv	CD80	21	2.5060388020106723	1876	0.011194029850746268
NK	CD80	0	NA	247	0
Neutrophil	CD80	0	NA	403	0
CD8+ Teff	CD80	0	NA	120	0
B cell	CD80	7	2.2493620940617154	353	0.019830028328611898
pDC	CD80	0	NA	78	0
CD4+ Treg	CD80	4	1.8623468577861786	275	0.014545454545454545
CD8+ Texh	CD80	0	NA	50	0
Mast	CD80	0	NA	20	0
Plasma cell	CD80	0	NA	9	0
Tgd	CTLA4	0	NA	733	0
CD8+ Tmem	CTLA4	331	2.9920400020939346	1547	0.21396250808015513
cDC	CTLA4	3	1.3816845417022705	31	0.0967741935483871
Mono/Mφ	CTLA4	5	1.921025037765503	396	0.012626262626262626
CD4+ Tconv	CTLA4	274	2.9726468220244358	1876	0.1460554371002132
NK	CTLA4	10	2.1782232522964478	247	0.04048582995951417
Neutrophil	CTLA4	0	NA	403	0
CD8+ Teff	CTLA4	7	2.7537692274366106	120	0.058333333333333334
B cell	CTLA4	0	NA	353	0
pDC	CTLA4	0	NA	78	0
CD4+ Treg	CTLA4	184	3.347075945009356	275	0.6690909090909091
CD8+ Texh	CTLA4	27	2.6611438989639282	50	0.54
Mast	CTLA4	0	NA	20	0
Plasma cell	CTLA4	0	NA	9	0
Tgd	CX3CL1	0	NA	733	0
CD8+ Tmem	CX3CL1	0	NA	1547	0
cDC	CX3CL1	0	NA	31	0
Mono/Mφ	CX3CL1	0	NA	396	0
CD4+ Tconv	CX3CL1	0	NA	1876	0
NK	CX3CL1	0	NA	247	0
Neutrophil	CX3CL1	0	NA	403	0
CD8+ Teff	CX3CL1	0	NA	120	0
B cell	CX3CL1	0	NA	353	0
pDC	CX3CL1	0	NA	78	0
CD4+ Treg	CX3CL1	0	NA	275	0
CD8+ Texh	CX3CL1	0	NA	50	0
Mast	CX3CL1	0	NA	20	0
Plasma cell	CX3CL1	0	NA	9	0
Tgd	CXCL10	0	NA	733	0
CD8+ Tmem	CXCL10	6	2.46061372756958	1547	0.003878474466709761
cDC	CXCL10	3	3.9393060207366943	31	0.0967741935483871
Mono/Mφ	CXCL10	36	4.069185458951527	396	0.09090909090909091
CD4+ Tconv	CXCL10	3	3.5948739051818848	1876	0.0015991471215351812
NK	CXCL10	2	2.847989559173584	247	0.008097165991902834
Neutrophil	CXCL10	1	4.098371505737305	403	0.0024813895781637717
CD8+ Teff	CXCL10	0	NA	120	0
B cell	CXCL10	2	3.4598841667175293	353	0.0056657223796034
pDC	CXCL10	1	3.5735108852386475	78	0.01282051282051282
CD4+ Treg	CXCL10	4	3.2320964336395264	275	0.014545454545454545
CD8+ Texh	CXCL10	0	NA	50	0
Mast	CXCL10	0	NA	20	0
Plasma cell	CXCL10	1	1.6526390314102173	9	0.1111111111111111
Tgd	CXCL9	0	NA	733	0
CD8+ Tmem	CXCL9	4	2.1670190691947937	1547	0.002585649644473174
cDC	CXCL9	3	3.6274204651514688	31	0.0967741935483871
Mono/Mφ	CXCL9	39	3.503750455685151	396	0.09848484848484848
CD4+ Tconv	CXCL9	2	2.852240800857544	1876	0.0010660980810234541
NK	CXCL9	1	1.776528000831604	247	0.004048582995951417
Neutrophil	CXCL9	0	NA	403	0
CD8+ Teff	CXCL9	0	NA	120	0
B cell	CXCL9	0	NA	353	0
pDC	CXCL9	0	NA	78	0
CD4+ Treg	CXCL9	2	1.8267287611961365	275	0.007272727272727273
CD8+ Texh	CXCL9	0	NA	50	0
Mast	CXCL9	0	NA	20	0
Plasma cell	CXCL9	0	NA	9	0
Tgd	EDNRB	0	NA	733	0
CD8+ Tmem	EDNRB	0	NA	1547	0
cDC	EDNRB	1	2.2254202365875244	31	0.03225806451612903
Mono/Mφ	EDNRB	3	2.7968537012736	396	0.007575757575757576
CD4+ Tconv	EDNRB	0	NA	1876	0
NK	EDNRB	0	NA	247	0
Neutrophil	EDNRB	0	NA	403	0
CD8+ Teff	EDNRB	0	NA	120	0
B cell	EDNRB	0	NA	353	0
pDC	EDNRB	0	NA	78	0
CD4+ Treg	EDNRB	0	NA	275	0
CD8+ Texh	EDNRB	0	NA	50	0
Mast	EDNRB	0	NA	20	0
Plasma cell	EDNRB	0	NA	9	0
Tgd	ENTPD1	33	2.5795676202485054	733	0.045020463847203276
CD8+ Tmem	ENTPD1	160	2.701780178397894	1547	0.10342598577892695
cDC	ENTPD1	10	1.9760199069976807	31	0.3225806451612903
Mono/Mφ	ENTPD1	57	2.427017101070337	396	0.14393939393939395
CD4+ Tconv	ENTPD1	84	2.770275429600761	1876	0.04477611940298507
NK	ENTPD1	27	2.7593873430181435	247	0.10931174089068826
Neutrophil	ENTPD1	35	4.386326122283935	403	0.08684863523573201
CD8+ Teff	ENTPD1	11	2.7207127809524536	120	0.09166666666666666
B cell	ENTPD1	36	2.686558574438095	353	0.10198300283286119
pDC	ENTPD1	1	1.4277839660644531	78	0.01282051282051282
CD4+ Treg	ENTPD1	43	2.5445550070252527	275	0.15636363636363637
CD8+ Texh	ENTPD1	10	2.16421434879303	50	0.2
Mast	ENTPD1	0	NA	20	0
Plasma cell	ENTPD1	1	1.388244390487671	9	0.1111111111111111
Tgd	GZMA	650	4.767168385799114	733	0.8867667121418826
CD8+ Tmem	GZMA	1014	4.493967983732092	1547	0.6554621848739496
cDC	GZMA	7	1.723235317638942	31	0.22580645161290322
Mono/Mφ	GZMA	14	2.9566854408809116	396	0.03535353535353535
CD4+ Tconv	GZMA	537	3.6907305562074404	1876	0.28624733475479747
NK	GZMA	222	5.4182378740998	247	0.8987854251012146
Neutrophil	GZMA	3	4.104381561279297	403	0.007444168734491315
CD8+ Teff	GZMA	103	4.18063753206753	120	0.8583333333333333
B cell	GZMA	13	2.5375100465921254	353	0.036827195467422094
pDC	GZMA	13	1.981625767854544	78	0.16666666666666666
CD4+ Treg	GZMA	42	4.22542573156811	275	0.15272727272727274
CD8+ Texh	GZMA	47	4.897617246242279	50	0.94
Mast	GZMA	0	NA	20	0
Plasma cell	GZMA	0	NA	9	0
Tgd	HAVCR2	140	2.9695498994418554	733	0.19099590723055934
CD8+ Tmem	HAVCR2	238	2.7955401094019914	1547	0.15384615384615385
cDC	HAVCR2	13	2.219786451413081	31	0.41935483870967744
Mono/Mφ	HAVCR2	94	2.6013529123143946	396	0.23737373737373738
CD4+ Tconv	HAVCR2	56	2.748515765581812	1876	0.029850746268656716
NK	HAVCR2	91	2.9341852848346415	247	0.3684210526315789
Neutrophil	HAVCR2	2	4.429553270339966	403	0.004962779156327543
CD8+ Teff	HAVCR2	17	2.964937862227945	120	0.14166666666666666
B cell	HAVCR2	2	2.639205574989319	353	0.0056657223796034
pDC	HAVCR2	5	2.3688744068145753	78	0.0641025641025641
CD4+ Treg	HAVCR2	72	2.6782911519209542	275	0.26181818181818184
CD8+ Texh	HAVCR2	23	2.2212538252706113	50	0.46
Mast	HAVCR2	3	3.064280112584432	20	0.15
Plasma cell	HAVCR2	0	NA	9	0
Tgd	HLA-A	733	6.271395544400807	733	1
CD8+ Tmem	HLA-A	1543	6.316098954410268	1547	0.9974143503555268
cDC	HLA-A	31	4.991719853493475	31	1
Mono/Mφ	HLA-A	345	4.7251623305721555	396	0.8712121212121212
CD4+ Tconv	HLA-A	1847	6.068633318205556	1876	0.9845415778251599
NK	HLA-A	247	6.12943445140051	247	1
Neutrophil	HLA-A	297	5.091223556184608	403	0.7369727047146402
CD8+ Teff	HLA-A	120	6.3730781853199	120	1
B cell	HLA-A	350	5.702731259209769	353	0.9915014164305949
pDC	HLA-A	77	4.935595521679172	78	0.9871794871794872
CD4+ Treg	HLA-A	275	6.571371806751598	275	1
CD8+ Texh	HLA-A	50	6.191117696762085	50	1
Mast	HLA-A	19	4.67599650433189	20	0.95
Plasma cell	HLA-A	9	5.238053056928846	9	1
Tgd	HLA-B	733	5.575544211744123	733	1
CD8+ Tmem	HLA-B	1543	6.185934287885219	1547	0.9974143503555268
cDC	HLA-B	31	5.23081571825089	31	1
Mono/Mφ	HLA-B	359	5.4234830536218075	396	0.9065656565656566
CD4+ Tconv	HLA-B	1849	5.776093107484495	1876	0.9856076759061834
NK	HLA-B	246	6.346178839846355	247	0.9959514170040485
Neutrophil	HLA-B	348	6.179421769476485	403	0.8635235732009926
CD8+ Teff	HLA-B	120	6.846282643079758	120	1
B cell	HLA-B	352	6.3261325352571225	353	0.9971671388101983
pDC	HLA-B	78	5.6408054400713015	78	1
CD4+ Treg	HLA-B	275	6.257920594648882	275	1
CD8+ Texh	HLA-B	50	6.463348627090454	50	1
Mast	HLA-B	19	5.301190024928043	20	0.95
Plasma cell	HLA-B	9	5.796252462599012	9	1
Tgd	HLA-C	732	5.917012269379662	733	0.9986357435197817
CD8+ Tmem	HLA-C	1539	6.168907373272187	1547	0.9948287007110537
cDC	HLA-C	31	5.118524935937697	31	1
Mono/Mφ	HLA-C	329	4.77748321544798	396	0.8308080808080808
CD4+ Tconv	HLA-C	1835	5.88086071397693	1876	0.9781449893390192
NK	HLA-C	247	6.24182500144248	247	1
Neutrophil	HLA-C	278	5.199656397318669	403	0.6898263027295285
CD8+ Teff	HLA-C	120	6.287463204065959	120	1
B cell	HLA-C	352	5.442533730444583	353	0.9971671388101983
pDC	HLA-C	78	5.408544149154272	78	1
CD4+ Treg	HLA-C	275	6.110004463195801	275	1
CD8+ Texh	HLA-C	50	6.347848739624023	50	1
Mast	HLA-C	19	4.959096607409026	20	0.95
Plasma cell	HLA-C	9	5.818022754457262	9	1
Tgd	HLA-DPA1	355	3.408936109005565	733	0.4843110504774898
CD8+ Tmem	HLA-DPA1	1021	3.3945120073322217	1547	0.6599870717517776
cDC	HLA-DPA1	31	6.119397317209551	31	1
Mono/Mφ	HLA-DPA1	287	4.933001064672703	396	0.7247474747474747
CD4+ Tconv	HLA-DPA1	644	3.143178643276973	1876	0.34328358208955223
NK	HLA-DPA1	89	3.064383923337701	247	0.3603238866396761
Neutrophil	HLA-DPA1	6	3.8695223331451416	403	0.01488833746898263
CD8+ Teff	HLA-DPA1	96	3.1771965846419334	120	0.8
B cell	HLA-DPA1	351	5.624696332844574	353	0.9943342776203966
pDC	HLA-DPA1	78	4.646837066381406	78	1
CD4+ Treg	HLA-DPA1	152	2.8924738905931773	275	0.5527272727272727
CD8+ Texh	HLA-DPA1	45	3.1029817210303414	50	0.9
Mast	HLA-DPA1	4	3.798668086528778	20	0.2
Plasma cell	HLA-DPA1	4	3.4636041820049286	9	0.4444444444444444
Tgd	HLA-DPB1	363	3.3397767796660913	733	0.495225102319236
CD8+ Tmem	HLA-DPB1	1077	3.4473908727879645	1547	0.696186166774402
cDC	HLA-DPB1	31	6.383130904166929	31	1
Mono/Mφ	HLA-DPB1	290	4.752157917104919	396	0.7323232323232324
CD4+ Tconv	HLA-DPB1	710	3.1778977318548822	1876	0.3784648187633262
NK	HLA-DPB1	107	3.0997770010867964	247	0.4331983805668016
Neutrophil	HLA-DPB1	5	4.204000997543335	403	0.01240694789081886
CD8+ Teff	HLA-DPB1	81	3.2493861884246638	120	0.675
B cell	HLA-DPB1	350	5.611877587182181	353	0.9915014164305949
pDC	HLA-DPB1	78	4.48224156942123	78	1
CD4+ Treg	HLA-DPB1	139	2.9028421425990922	275	0.5054545454545455
CD8+ Texh	HLA-DPB1	44	3.2826868539506737	50	0.88
Mast	HLA-DPB1	2	4.432542562484741	20	0.1
Plasma cell	HLA-DPB1	3	3.734443505605062	9	0.3333333333333333
Tgd	HLA-DQA1	31	2.639255492917953	733	0.04229195088676671
CD8+ Tmem	HLA-DQA1	255	2.7234129382114785	1547	0.16483516483516483
cDC	HLA-DQA1	27	4.053924759229024	31	0.8709677419354839
Mono/Mφ	HLA-DQA1	169	3.85685008870074	396	0.42676767676767674
CD4+ Tconv	HLA-DQA1	49	2.7747082345339718	1876	0.026119402985074626
NK	HLA-DQA1	18	2.5587754448254905	247	0.0728744939271255
Neutrophil	HLA-DQA1	0	NA	403	0
CD8+ Teff	HLA-DQA1	21	2.670822472799392	120	0.175
B cell	HLA-DQA1	295	4.044097621966216	353	0.8356940509915014
pDC	HLA-DQA1	45	3.1708074198828804	78	0.5769230769230769
CD4+ Treg	HLA-DQA1	32	2.512091338634491	275	0.11636363636363636
CD8+ Texh	HLA-DQA1	19	2.1274595260620117	50	0.38
Mast	HLA-DQA1	1	2.955453634262085	20	0.05
Plasma cell	HLA-DQA1	3	2.2484950621922812	9	0.3333333333333333
Tgd	HLA-DQA2	85	2.7943226842319264	733	0.11596180081855388
CD8+ Tmem	HLA-DQA2	139	2.7310736865448435	1547	0.08985132514544279
cDC	HLA-DQA2	19	3.668656273892051	31	0.6129032258064516
Mono/Mφ	HLA-DQA2	69	2.99602026351984	396	0.17424242424242425
CD4+ Tconv	HLA-DQA2	79	2.7159686284729196	1876	0.04211087420042644
NK	HLA-DQA2	10	2.915416944026947	247	0.04048582995951417
Neutrophil	HLA-DQA2	0	NA	403	0
CD8+ Teff	HLA-DQA2	28	2.8481175856930867	120	0.23333333333333334
B cell	HLA-DQA2	242	3.787977004839369	353	0.6855524079320113
pDC	HLA-DQA2	40	2.8433261096477507	78	0.5128205128205128
CD4+ Treg	HLA-DQA2	11	2.237817970189181	275	0.04
CD8+ Texh	HLA-DQA2	18	2.389193402396308	50	0.36
Mast	HLA-DQA2	0	NA	20	0
Plasma cell	HLA-DQA2	1	1.6112083196640015	9	0.1111111111111111
Tgd	HLA-DQB1	53	2.864510902818644	733	0.0723055934515689
CD8+ Tmem	HLA-DQB1	488	2.9198538770929714	1547	0.3154492566257272
cDC	HLA-DQB1	29	4.777352316626187	31	0.9354838709677419
Mono/Mφ	HLA-DQB1	226	3.746874858320287	396	0.5707070707070707
CD4+ Tconv	HLA-DQB1	188	2.8925029908088926	1876	0.10021321961620469
NK	HLA-DQB1	38	2.9970372319221497	247	0.15384615384615385
Neutrophil	HLA-DQB1	8	4.694793164730072	403	0.019851116625310174
CD8+ Teff	HLA-DQB1	28	2.9897871485778262	120	0.23333333333333334
B cell	HLA-DQB1	337	4.6679479806996245	353	0.9546742209631728
pDC	HLA-DQB1	60	3.217265663544337	78	0.7692307692307693
CD4+ Treg	HLA-DQB1	72	2.548775510655509	275	0.26181818181818184
CD8+ Texh	HLA-DQB1	22	2.3249695788730276	50	0.44
Mast	HLA-DQB1	2	2.560953378677368	20	0.1
Plasma cell	HLA-DQB1	3	2.8895397186279297	9	0.3333333333333333
Tgd	HLA-DQB2	0	NA	733	0
CD8+ Tmem	HLA-DQB2	2	2.269226610660553	1547	0.001292824822236587
cDC	HLA-DQB2	9	2.5119498703214855	31	0.2903225806451613
Mono/Mφ	HLA-DQB2	9	2.7597419023513794	396	0.022727272727272728
CD4+ Tconv	HLA-DQB2	5	2.3735094547271727	1876	0.0026652452025586353
NK	HLA-DQB2	0	NA	247	0
Neutrophil	HLA-DQB2	0	NA	403	0
CD8+ Teff	HLA-DQB2	1	2.5203194618225098	120	0.008333333333333333
B cell	HLA-DQB2	18	2.7192419370015464	353	0.05099150141643059
pDC	HLA-DQB2	3	1.7490984201431274	78	0.038461538461538464
CD4+ Treg	HLA-DQB2	1	2.403770923614502	275	0.0036363636363636364
CD8+ Texh	HLA-DQB2	2	1.6469500064849854	50	0.04
Mast	HLA-DQB2	0	NA	20	0
Plasma cell	HLA-DQB2	0	NA	9	0
Tgd	HLA-DRA	302	3.545342662081813	733	0.4120054570259209
CD8+ Tmem	HLA-DRA	719	3.4135147780801725	1547	0.464770523594053
cDC	HLA-DRA	31	6.798546014293548	31	1
Mono/Mφ	HLA-DRA	348	5.561564649316086	396	0.8787878787878788
CD4+ Tconv	HLA-DRA	371	3.2312914123432335	1876	0.19776119402985073
NK	HLA-DRA	48	3.2872686783472695	247	0.19433198380566802
Neutrophil	HLA-DRA	37	4.357375602464418	403	0.09181141439205956
CD8+ Teff	HLA-DRA	29	3.066711865622422	120	0.24166666666666667
B cell	HLA-DRA	352	6.92107091369954	353	0.9971671388101983
pDC	HLA-DRA	78	5.405656270491771	78	1
CD4+ Treg	HLA-DRA	74	3.209129940819096	275	0.2690909090909091
CD8+ Texh	HLA-DRA	38	3.168192982673645	50	0.76
Mast	HLA-DRA	3	3.202427864074707	20	0.15
Plasma cell	HLA-DRA	6	2.8963719407717385	9	0.6666666666666666
Tgd	HLA-DRB1	223	3.2528515925856447	733	0.3042291950886767
CD8+ Tmem	HLA-DRB1	781	3.263179754172947	1547	0.5048480930833872
cDC	HLA-DRB1	31	5.249627963189156	31	1
Mono/Mφ	HLA-DRB1	262	4.38470303602801	396	0.6616161616161617
CD4+ Tconv	HLA-DRB1	397	3.076350924049877	1876	0.21162046908315565
NK	HLA-DRB1	67	3.0578026664790823	247	0.27125506072874495
Neutrophil	HLA-DRB1	4	4.7094646692276	403	0.009925558312655087
CD8+ Teff	HLA-DRB1	36	2.7611197696791754	120	0.3
B cell	HLA-DRB1	283	4.067230062855427	353	0.8016997167138811
pDC	HLA-DRB1	75	3.874774969418844	78	0.9615384615384616
CD4+ Treg	HLA-DRB1	112	2.9315697816865787	275	0.4072727272727273
CD8+ Texh	HLA-DRB1	33	2.8215409697908345	50	0.66
Mast	HLA-DRB1	4	3.430938184261322	20	0.2
Plasma cell	HLA-DRB1	2	3.4567742347717285	9	0.2222222222222222
Tgd	HLA-DRB5	34	2.6196134230669808	733	0.04638472032742155
CD8+ Tmem	HLA-DRB5	211	2.918575910030383	1547	0.1363930187459599
cDC	HLA-DRB5	22	3.226910249753432	31	0.7096774193548387
Mono/Mφ	HLA-DRB5	101	3.7817689451840844	396	0.255050505050505
CD4+ Tconv	HLA-DRB5	61	2.6028478692789547	1876	0.03251599147121535
NK	HLA-DRB5	26	2.9459606133974514	247	0.10526315789473684
Neutrophil	HLA-DRB5	1	3.7186849117279053	403	0.0024813895781637717
CD8+ Teff	HLA-DRB5	5	2.9700151443481446	120	0.041666666666666664
B cell	HLA-DRB5	91	3.8598690452156488	353	0.2577903682719547
pDC	HLA-DRB5	33	3.2531825990387886	78	0.4230769230769231
CD4+ Treg	HLA-DRB5	28	2.7471645304134915	275	0.10181818181818182
CD8+ Texh	HLA-DRB5	14	2.724363386631012	50	0.28
Mast	HLA-DRB5	2	3.01288902759552	20	0.1
Plasma cell	HLA-DRB5	4	1.9564141035079956	9	0.4444444444444444
Tgd	HMGB1	655	3.8728086125759678	733	0.8935879945429741
CD8+ Tmem	HMGB1	1310	3.7940644077672303	1547	0.8468002585649644
cDC	HMGB1	30	2.5438276171684264	31	0.967741935483871
Mono/Mφ	HMGB1	217	3.077891415714668	396	0.547979797979798
CD4+ Tconv	HMGB1	1548	3.849438881689264	1876	0.8251599147121536
NK	HMGB1	206	3.7071351952923153	247	0.8340080971659919
Neutrophil	HMGB1	105	4.300482082366943	403	0.26054590570719605
CD8+ Teff	HMGB1	102	3.7296133415371764	120	0.85
B cell	HMGB1	301	3.736385844474615	353	0.8526912181303116
pDC	HMGB1	70	3.367607877935682	78	0.8974358974358975
CD4+ Treg	HMGB1	236	3.658418142694538	275	0.8581818181818182
CD8+ Texh	HMGB1	48	4.387452622254689	50	0.96
Mast	HMGB1	15	3.294496456782023	20	0.75
Plasma cell	HMGB1	9	2.613485429022047	9	1
Tgd	ICAM1	38	2.592600998125578	733	0.05184174624829468
CD8+ Tmem	ICAM1	60	2.732304141918818	1547	0.03878474466709761
cDC	ICAM1	10	2.3084182500839234	31	0.3225806451612903
Mono/Mφ	ICAM1	67	2.7013795233484523	396	0.1691919191919192
CD4+ Tconv	ICAM1	37	2.716280231604705	1876	0.019722814498933903
NK	ICAM1	19	3.1227148143868697	247	0.07692307692307693
Neutrophil	ICAM1	97	4.5318142999078805	403	0.24069478908188585
CD8+ Teff	ICAM1	2	2.547585368156433	120	0.016666666666666666
B cell	ICAM1	20	2.599301254749298	353	0.056657223796033995
pDC	ICAM1	16	2.010753184556961	78	0.20512820512820512
CD4+ Treg	ICAM1	12	2.283709774414698	275	0.04363636363636364
CD8+ Texh	ICAM1	3	1.771465579668681	50	0.06
Mast	ICAM1	7	3.2907403026308333	20	0.35
Plasma cell	ICAM1	2	1.8444225788116455	9	0.2222222222222222
Tgd	ICOS	7	2.496899962425232	733	0.009549795361527967
CD8+ Tmem	ICOS	273	2.764601516199636	1547	0.17647058823529413
cDC	ICOS	0	NA	31	0
Mono/Mφ	ICOS	2	1.641290009021759	396	0.005050505050505051
CD4+ Tconv	ICOS	367	2.9004026459738084	1876	0.19562899786780383
NK	ICOS	3	2.261577526728312	247	0.012145748987854251
Neutrophil	ICOS	1	3.802541494369507	403	0.0024813895781637717
CD8+ Teff	ICOS	5	3.0276816368103026	120	0.041666666666666664
B cell	ICOS	0	NA	353	0
pDC	ICOS	0	NA	78	0
CD4+ Treg	ICOS	143	3.000963637878845	275	0.52
CD8+ Texh	ICOS	21	2.1269655852090743	50	0.42
Mast	ICOS	0	NA	20	0
Plasma cell	ICOS	0	NA	9	0
Tgd	ICOSLG	1	2.6285481452941895	733	0.001364256480218281
CD8+ Tmem	ICOSLG	4	2.697762042284012	1547	0.002585649644473174
cDC	ICOSLG	5	1.6517514705657959	31	0.16129032258064516
Mono/Mφ	ICOSLG	15	1.7151846170425415	396	0.03787878787878788
CD4+ Tconv	ICOSLG	17	2.4280311640571144	1876	0.00906183368869936
NK	ICOSLG	0	NA	247	0
Neutrophil	ICOSLG	1	4.392317295074463	403	0.0024813895781637717
CD8+ Teff	ICOSLG	0	NA	120	0
B cell	ICOSLG	25	2.849277958869934	353	0.0708215297450425
pDC	ICOSLG	6	1.9433838327725728	78	0.07692307692307693
CD4+ Treg	ICOSLG	7	2.2258337906428745	275	0.025454545454545455
CD8+ Texh	ICOSLG	0	NA	50	0
Mast	ICOSLG	0	NA	20	0
Plasma cell	ICOSLG	1	1.955200433731079	9	0.1111111111111111
Tgd	IDO1	0	NA	733	0
CD8+ Tmem	IDO1	1	2.0461034774780273	1547	6.464124111182935e-4
cDC	IDO1	13	3.2259203378970804	31	0.41935483870967744
Mono/Mφ	IDO1	44	3.374745713038878	396	0.1111111111111111
CD4+ Tconv	IDO1	1	3.5380055904388428	1876	5.330490405117271e-4
NK	IDO1	0	NA	247	0
Neutrophil	IDO1	12	4.575644274552663	403	0.02977667493796526
CD8+ Teff	IDO1	0	NA	120	0
B cell	IDO1	0	NA	353	0
pDC	IDO1	0	NA	78	0
CD4+ Treg	IDO1	1	2.187426805496216	275	0.0036363636363636364
CD8+ Texh	IDO1	0	NA	50	0
Mast	IDO1	0	NA	20	0
Plasma cell	IDO1	0	NA	9	0
Tgd	IFNG	10	3.1221511602401733	733	0.013642564802182811
CD8+ Tmem	IFNG	353	3.3049263525279318	1547	0.2281835811247576
cDC	IFNG	1	1.369904637336731	31	0.03225806451612903
Mono/Mφ	IFNG	3	2.867525855700175	396	0.007575757575757576
CD4+ Tconv	IFNG	113	3.2237344442215643	1876	0.06023454157782516
NK	IFNG	23	3.583895004313925	247	0.0931174089068826
Neutrophil	IFNG	0	NA	403	0
CD8+ Teff	IFNG	23	3.5798638229784756	120	0.19166666666666668
B cell	IFNG	0	NA	353	0
pDC	IFNG	0	NA	78	0
CD4+ Treg	IFNG	27	3.0703954652503684	275	0.09818181818181818
CD8+ Texh	IFNG	24	2.6469646394252777	50	0.48
Mast	IFNG	0	NA	20	0
Plasma cell	IFNG	1	1.3164558410644531	9	0.1111111111111111
Tgd	IL10	0	NA	733	0
CD8+ Tmem	IL10	36	2.9647479818926916	1547	0.023270846800258566
cDC	IL10	0	NA	31	0
Mono/Mφ	IL10	26	2.2792520293822656	396	0.06565656565656566
CD4+ Tconv	IL10	7	4.632894686290196	1876	0.0037313432835820895
NK	IL10	9	3.002110375298394	247	0.03643724696356275
Neutrophil	IL10	0	NA	403	0
CD8+ Teff	IL10	1	2.7423338890075684	120	0.008333333333333333
B cell	IL10	1	2.2367470264434814	353	0.0028328611898017
pDC	IL10	0	NA	78	0
CD4+ Treg	IL10	14	3.504391176359994	275	0.05090909090909091
CD8+ Texh	IL10	2	2.1939302682876587	50	0.04
Mast	IL10	0	NA	20	0
Plasma cell	IL10	0	NA	9	0
Tgd	IL12A	0	NA	733	0
CD8+ Tmem	IL12A	2	2.716031551361084	1547	0.001292824822236587
cDC	IL12A	0	NA	31	0
Mono/Mφ	IL12A	0	NA	396	0
CD4+ Tconv	IL12A	3	2.85090963045756	1876	0.0015991471215351812
NK	IL12A	0	NA	247	0
Neutrophil	IL12A	0	NA	403	0
CD8+ Teff	IL12A	0	NA	120	0
B cell	IL12A	3	2.6943310101826987	353	0.0084985835694051
pDC	IL12A	0	NA	78	0
CD4+ Treg	IL12A	0	NA	275	0
CD8+ Texh	IL12A	1	1.7824985980987549	50	0.02
Mast	IL12A	0	NA	20	0
Plasma cell	IL12A	0	NA	9	0
Tgd	IL13	1	2.620429515838623	733	0.001364256480218281
CD8+ Tmem	IL13	1	3.3100426197052	1547	6.464124111182935e-4
cDC	IL13	0	NA	31	0
Mono/Mφ	IL13	0	NA	396	0
CD4+ Tconv	IL13	1	2.752861499786377	1876	5.330490405117271e-4
NK	IL13	0	NA	247	0
Neutrophil	IL13	0	NA	403	0
CD8+ Teff	IL13	0	NA	120	0
B cell	IL13	0	NA	353	0
pDC	IL13	0	NA	78	0
CD4+ Treg	IL13	0	NA	275	0
CD8+ Texh	IL13	0	NA	50	0
Mast	IL13	1	2.4783177375793457	20	0.05
Plasma cell	IL13	0	NA	9	0
Tgd	IL1A	0	NA	733	0
CD8+ Tmem	IL1A	0	NA	1547	0
cDC	IL1A	1	1.1754627227783203	31	0.03225806451612903
Mono/Mφ	IL1A	10	2.8190493106842043	396	0.025252525252525252
CD4+ Tconv	IL1A	0	NA	1876	0
NK	IL1A	0	NA	247	0
Neutrophil	IL1A	5	4.339998769760132	403	0.01240694789081886
CD8+ Teff	IL1A	0	NA	120	0
B cell	IL1A	1	2.569450855255127	353	0.0028328611898017
pDC	IL1A	0	NA	78	0
CD4+ Treg	IL1A	0	NA	275	0
CD8+ Texh	IL1A	0	NA	50	0
Mast	IL1A	0	NA	20	0
Plasma cell	IL1A	0	NA	9	0
Tgd	IL1B	0	NA	733	0
CD8+ Tmem	IL1B	2	2.0736019611358643	1547	0.001292824822236587
cDC	IL1B	7	3.2820634841918945	31	0.22580645161290322
Mono/Mφ	IL1B	134	4.45294942072968	396	0.3383838383838384
CD4+ Tconv	IL1B	1	3.298912286758423	1876	5.330490405117271e-4
NK	IL1B	1	1.9738895893096924	247	0.004048582995951417
Neutrophil	IL1B	78	4.906007317396311	403	0.1935483870967742
CD8+ Teff	IL1B	0	NA	120	0
B cell	IL1B	1	2.7019057273864746	353	0.0028328611898017
pDC	IL1B	1	1.986579418182373	78	0.01282051282051282
CD4+ Treg	IL1B	0	NA	275	0
CD8+ Texh	IL1B	0	NA	50	0
Mast	IL1B	1	2.1664531230926514	20	0.05
Plasma cell	IL1B	1	1.752125859260559	9	0.1111111111111111
Tgd	IL2	1	2.385364055633545	733	0.001364256480218281
CD8+ Tmem	IL2	10	2.8637784242630007	1547	0.006464124111182934
cDC	IL2	0	NA	31	0
Mono/Mφ	IL2	0	NA	396	0
CD4+ Tconv	IL2	33	3.082441301056833	1876	0.017590618336886993
NK	IL2	0	NA	247	0
Neutrophil	IL2	0	NA	403	0
CD8+ Teff	IL2	0	NA	120	0
B cell	IL2	0	NA	353	0
pDC	IL2	0	NA	78	0
CD4+ Treg	IL2	1	2.382411241531372	275	0.0036363636363636364
CD8+ Texh	IL2	1	1.7430486679077148	50	0.02
Mast	IL2	0	NA	20	0
Plasma cell	IL2	0	NA	9	0
Tgd	IL2RA	14	2.656823362622942	733	0.019099590723055934
CD8+ Tmem	IL2RA	30	2.8171345750490824	1547	0.019392372333548805
cDC	IL2RA	0	NA	31	0
Mono/Mφ	IL2RA	20	3.3141656458377837	396	0.050505050505050504
CD4+ Tconv	IL2RA	174	3.1667616476957825	1876	0.09275053304904052
NK	IL2RA	7	2.788773400442941	247	0.02834008097165992
Neutrophil	IL2RA	0	NA	403	0
CD8+ Teff	IL2RA	0	NA	120	0
B cell	IL2RA	9	2.754323614968194	353	0.025495750708215296
pDC	IL2RA	1	1.5942552089691162	78	0.01282051282051282
CD4+ Treg	IL2RA	90	3.1580498192045425	275	0.32727272727272727
CD8+ Texh	IL2RA	2	1.9799888134002686	50	0.04
Mast	IL2RA	0	NA	20	0
Plasma cell	IL2RA	0	NA	9	0
Tgd	IL4	0	NA	733	0
CD8+ Tmem	IL4	6	2.4899502197901406	1547	0.003878474466709761
cDC	IL4	0	NA	31	0
Mono/Mφ	IL4	0	NA	396	0
CD4+ Tconv	IL4	0	NA	1876	0
NK	IL4	0	NA	247	0
Neutrophil	IL4	0	NA	403	0
CD8+ Teff	IL4	0	NA	120	0
B cell	IL4	0	NA	353	0
pDC	IL4	0	NA	78	0
CD4+ Treg	IL4	0	NA	275	0
CD8+ Texh	IL4	0	NA	50	0
Mast	IL4	0	NA	20	0
Plasma cell	IL4	0	NA	9	0
Tgd	ITGB2	489	3.5407926950961777	733	0.6671214188267395
CD8+ Tmem	ITGB2	583	2.8806590189451216	1547	0.3768584356819651
cDC	ITGB2	22	3.184825425798243	31	0.7096774193548387
Mono/Mφ	ITGB2	212	3.1570076948066927	396	0.5353535353535354
CD4+ Tconv	ITGB2	748	3.071037085936031	1876	0.39872068230277186
NK	ITGB2	145	3.606299010638533	247	0.5870445344129555
Neutrophil	ITGB2	65	4.066630876981295	403	0.16129032258064516
CD8+ Teff	ITGB2	71	3.3199850404766242	120	0.5916666666666667
B cell	ITGB2	63	2.860769998459589	353	0.17847025495750707
pDC	ITGB2	25	2.342359771728516	78	0.32051282051282054
CD4+ Treg	ITGB2	130	2.7765657250697795	275	0.4727272727272727
CD8+ Texh	ITGB2	36	2.4501465559005737	50	0.72
Mast	ITGB2	0	NA	20	0
Plasma cell	ITGB2	3	1.8094937403996785	9	0.3333333333333333
Tgd	KIR2DL1	16	2.9632067531347275	733	0.021828103683492497
CD8+ Tmem	KIR2DL1	7	2.9775424684797014	1547	0.004524886877828055
cDC	KIR2DL1	0	NA	31	0
Mono/Mφ	KIR2DL1	0	NA	396	0
CD4+ Tconv	KIR2DL1	0	NA	1876	0
NK	KIR2DL1	17	2.690921516979442	247	0.06882591093117409
Neutrophil	KIR2DL1	0	NA	403	0
CD8+ Teff	KIR2DL1	1	1.9285119771957397	120	0.008333333333333333
B cell	KIR2DL1	0	NA	353	0
pDC	KIR2DL1	0	NA	78	0
CD4+ Treg	KIR2DL1	0	NA	275	0
CD8+ Texh	KIR2DL1	0	NA	50	0
Mast	KIR2DL1	0	NA	20	0
Plasma cell	KIR2DL1	0	NA	9	0
Tgd	KIR2DL3	64	3.0355107001960278	733	0.08731241473396999
CD8+ Tmem	KIR2DL3	41	2.541084455280769	1547	0.026502908855850032
cDC	KIR2DL3	1	1.387379765510559	31	0.03225806451612903
Mono/Mφ	KIR2DL3	0	NA	396	0
CD4+ Tconv	KIR2DL3	4	2.457319289445877	1876	0.0021321961620469083
NK	KIR2DL3	46	2.9962897559870845	247	0.1862348178137652
Neutrophil	KIR2DL3	0	NA	403	0
CD8+ Teff	KIR2DL3	10	2.623523223400116	120	0.08333333333333333
B cell	KIR2DL3	0	NA	353	0
pDC	KIR2DL3	0	NA	78	0
CD4+ Treg	KIR2DL3	0	NA	275	0
CD8+ Texh	KIR2DL3	3	2.9894943237304688	50	0.06
Mast	KIR2DL3	0	NA	20	0
Plasma cell	KIR2DL3	0	NA	9	0
Tgd	LAG3	9	2.902225693066915	733	0.01227830832196453
CD8+ Tmem	LAG3	706	3.2381174932458245	1547	0.4563671622495152
cDC	LAG3	3	1.8636659383773804	31	0.0967741935483871
Mono/Mφ	LAG3	15	2.5985449949900308	396	0.03787878787878788
CD4+ Tconv	LAG3	123	3.048067781014171	1876	0.06556503198294243
NK	LAG3	38	3.5657441929767004	247	0.15384615384615385
Neutrophil	LAG3	1	4.764368057250977	403	0.0024813895781637717
CD8+ Teff	LAG3	43	3.2527785245762315	120	0.35833333333333334
B cell	LAG3	2	1.7744983434677124	353	0.0056657223796034
pDC	LAG3	10	2.271957266330719	78	0.1282051282051282
CD4+ Treg	LAG3	98	3.893367021667714	275	0.3563636363636364
CD8+ Texh	LAG3	39	3.2432009195670104	50	0.78
Mast	LAG3	0	NA	20	0
Plasma cell	LAG3	2	2.2043396830558777	9	0.2222222222222222
Tgd	MICA	16	2.7974273934960365	733	0.021828103683492497
CD8+ Tmem	MICA	73	2.6068053229214394	1547	0.04718810601163542
cDC	MICA	1	1.9138625860214233	31	0.03225806451612903
Mono/Mφ	MICA	4	1.5529704093933105	396	0.010101010101010102
CD4+ Tconv	MICA	71	2.710138349465921	1876	0.037846481876332626
NK	MICA	4	2.7170262932777405	247	0.016194331983805668
Neutrophil	MICA	5	4.259639930725098	403	0.01240694789081886
CD8+ Teff	MICA	5	2.4536972522735594	120	0.041666666666666664
B cell	MICA	17	2.531402966555427	353	0.04815864022662889
pDC	MICA	0	NA	78	0
CD4+ Treg	MICA	8	2.4398368895053864	275	0.02909090909090909
CD8+ Texh	MICA	0	NA	50	0
Mast	MICA	0	NA	20	0
Plasma cell	MICA	0	NA	9	0
Tgd	MICB	15	2.68712633450826	733	0.020463847203274217
CD8+ Tmem	MICB	60	2.655923593044281	1547	0.03878474466709761
cDC	MICB	3	1.3944616715113323	31	0.0967741935483871
Mono/Mφ	MICB	9	2.073963575892978	396	0.022727272727272728
CD4+ Tconv	MICB	48	2.61903914809227	1876	0.0255863539445629
NK	MICB	9	2.172972665892707	247	0.03643724696356275
Neutrophil	MICB	1	4.831498622894287	403	0.0024813895781637717
CD8+ Teff	MICB	8	2.425871267914772	120	0.06666666666666667
B cell	MICB	14	2.7304473178727284	353	0.039660056657223795
pDC	MICB	1	1.8911441564559937	78	0.01282051282051282
CD4+ Treg	MICB	10	2.255354118347168	275	0.03636363636363636
CD8+ Texh	MICB	6	1.7208957473436992	50	0.12
Mast	MICB	0	NA	20	0
Plasma cell	MICB	1	1.388244390487671	9	0.1111111111111111
Tgd	PDCD1	1	2.93276047706604	733	0.001364256480218281
CD8+ Tmem	PDCD1	273	2.7313795552585587	1547	0.17647058823529413
cDC	PDCD1	0	NA	31	0
Mono/Mφ	PDCD1	1	3.5591840744018555	396	0.0025252525252525255
CD4+ Tconv	PDCD1	181	2.795075226225247	1876	0.0964818763326226
NK	PDCD1	1	2.177870035171509	247	0.004048582995951417
Neutrophil	PDCD1	1	3.7767863273620605	403	0.0024813895781637717
CD8+ Teff	PDCD1	9	2.7427328162723117	120	0.075
B cell	PDCD1	1	2.7879912853240967	353	0.0028328611898017
pDC	PDCD1	0	NA	78	0
CD4+ Treg	PDCD1	55	2.47478270964189	275	0.2
CD8+ Texh	PDCD1	22	2.082438875328411	50	0.44
Mast	PDCD1	0	NA	20	0
Plasma cell	PDCD1	0	NA	9	0
Tgd	PDCD1LG2	1	2.757810115814209	733	0.001364256480218281
CD8+ Tmem	PDCD1LG2	1	2.864999294281006	1547	6.464124111182935e-4
cDC	PDCD1LG2	4	1.5173713862895966	31	0.12903225806451613
Mono/Mφ	PDCD1LG2	6	2.485672652721405	396	0.015151515151515152
CD4+ Tconv	PDCD1LG2	9	2.399805598788791	1876	0.004797441364605544
NK	PDCD1LG2	0	NA	247	0
Neutrophil	PDCD1LG2	2	2.9755361080169678	403	0.004962779156327543
CD8+ Teff	PDCD1LG2	0	NA	120	0
B cell	PDCD1LG2	0	NA	353	0
pDC	PDCD1LG2	0	NA	78	0
CD4+ Treg	PDCD1LG2	4	2.1343287527561188	275	0.014545454545454545
CD8+ Texh	PDCD1LG2	0	NA	50	0
Mast	PDCD1LG2	0	NA	20	0
Plasma cell	PDCD1LG2	1	1.1033306121826172	9	0.1111111111111111
Tgd	PRF1	559	3.6319237007011456	733	0.762619372442019
CD8+ Tmem	PRF1	641	3.349152571697503	1547	0.41435035552682614
cDC	PRF1	1	1.178812026977539	31	0.03225806451612903
Mono/Mφ	PRF1	5	2.225950312614441	396	0.012626262626262626
CD4+ Tconv	PRF1	232	2.8665963827536025	1876	0.12366737739872068
NK	PRF1	216	4.577199547379105	247	0.8744939271255061
Neutrophil	PRF1	2	4.752135276794434	403	0.004962779156327543
CD8+ Teff	PRF1	97	3.5410243555442573	120	0.8083333333333333
B cell	PRF1	4	2.160306215286255	353	0.0113314447592068
pDC	PRF1	3	1.6440704663594563	78	0.038461538461538464
CD4+ Treg	PRF1	59	2.678833769539655	275	0.21454545454545454
CD8+ Texh	PRF1	38	3.292634333434858	50	0.76
Mast	PRF1	0	NA	20	0
Plasma cell	PRF1	0	NA	9	0
Tgd	SELP	1	2.1660618782043457	733	0.001364256480218281
CD8+ Tmem	SELP	4	2.110361009836197	1547	0.002585649644473174
cDC	SELP	0	NA	31	0
Mono/Mφ	SELP	0	NA	396	0
CD4+ Tconv	SELP	4	2.288530468940735	1876	0.0021321961620469083
NK	SELP	0	NA	247	0
Neutrophil	SELP	0	NA	403	0
CD8+ Teff	SELP	0	NA	120	0
B cell	SELP	1	2.7305266857147217	353	0.0028328611898017
pDC	SELP	0	NA	78	0
CD4+ Treg	SELP	4	2.0310603380203247	275	0.014545454545454545
CD8+ Texh	SELP	0	NA	50	0
Mast	SELP	0	NA	20	0
Plasma cell	SELP	0	NA	9	0
Tgd	SLAMF7	112	2.8063285989420756	733	0.15279672578444747
CD8+ Tmem	SLAMF7	232	2.618045004791227	1547	0.14996767937944408
cDC	SLAMF7	13	2.0236577162375817	31	0.41935483870967744
Mono/Mφ	SLAMF7	45	2.713634067111545	396	0.11363636363636363
CD4+ Tconv	SLAMF7	20	2.5880163669586183	1876	0.010660980810234541
NK	SLAMF7	41	2.517018745585186	247	0.1659919028340081
Neutrophil	SLAMF7	7	4.5953424998692105	403	0.017369727047146403
CD8+ Teff	SLAMF7	25	2.6566895723342894	120	0.20833333333333334
B cell	SLAMF7	3	2.2218074003855386	353	0.0084985835694051
pDC	SLAMF7	42	2.2288129954111007	78	0.5384615384615384
CD4+ Treg	SLAMF7	5	2.106800651550293	275	0.01818181818181818
CD8+ Texh	SLAMF7	17	2.1074763536453247	50	0.34
Mast	SLAMF7	0	NA	20	0
Plasma cell	SLAMF7	5	2.4963204860687256	9	0.5555555555555556
Tgd	TGFB1	238	2.8394596656831372	733	0.3246930422919509
CD8+ Tmem	TGFB1	556	2.9069733482470617	1547	0.35940530058177117
cDC	TGFB1	12	2.3875929911931357	31	0.3870967741935484
Mono/Mφ	TGFB1	139	2.5496510696068087	396	0.351010101010101
CD4+ Tconv	TGFB1	617	3.068036210981335	1876	0.3288912579957356
NK	TGFB1	126	3.1975904353081233	247	0.5101214574898786
Neutrophil	TGFB1	79	4.2108236536195	403	0.19602977667493796
CD8+ Teff	TGFB1	68	3.119601549471126	120	0.5666666666666667
B cell	TGFB1	133	2.9561876524659922	353	0.37677053824362605
pDC	TGFB1	38	2.3573832731497917	78	0.48717948717948717
CD4+ Treg	TGFB1	71	2.5380657810560416	275	0.2581818181818182
CD8+ Texh	TGFB1	27	2.752726855101409	50	0.54
Mast	TGFB1	9	2.796708994441562	20	0.45
Plasma cell	TGFB1	4	1.9678530395030975	9	0.4444444444444444
Tgd	TIGIT	66	2.8619418144226074	733	0.09004092769440655
CD8+ Tmem	TIGIT	514	2.998084896733325	1547	0.33225597931480283
cDC	TIGIT	0	NA	31	0
Mono/Mφ	TIGIT	3	2.9666407108306885	396	0.007575757575757576
CD4+ Tconv	TIGIT	304	3.200940927784694	1876	0.16204690831556504
NK	TIGIT	54	3.139390336142646	247	0.21862348178137653
Neutrophil	TIGIT	0	NA	403	0
CD8+ Teff	TIGIT	38	2.8189786421625236	120	0.31666666666666665
B cell	TIGIT	4	2.3245605528354645	353	0.0113314447592068
pDC	TIGIT	2	1.8852428197860718	78	0.02564102564102564
CD4+ Treg	TIGIT	206	3.5239240046843743	275	0.7490909090909091
CD8+ Texh	TIGIT	34	2.5834391467711506	50	0.68
Mast	TIGIT	0	NA	20	0
Plasma cell	TIGIT	0	NA	9	0
Tgd	TLR4	0	NA	733	0
CD8+ Tmem	TLR4	0	NA	1547	0
cDC	TLR4	4	1.675792396068573	31	0.12903225806451613
Mono/Mφ	TLR4	54	2.395639571878645	396	0.13636363636363635
CD4+ Tconv	TLR4	0	NA	1876	0
NK	TLR4	0	NA	247	0
Neutrophil	TLR4	52	4.42171464058069	403	0.12903225806451613
CD8+ Teff	TLR4	0	NA	120	0
B cell	TLR4	1	3.3220579624176025	353	0.0028328611898017
pDC	TLR4	0	NA	78	0
CD4+ Treg	TLR4	0	NA	275	0
CD8+ Texh	TLR4	0	NA	50	0
Mast	TLR4	1	2.842161178588867	20	0.05
Plasma cell	TLR4	0	NA	9	0
Tgd	TNF	9	3.1430683268441095	733	0.01227830832196453
CD8+ Tmem	TNF	74	2.9481528820218266	1547	0.047834518422753713
cDC	TNF	3	1.8617072105407715	31	0.0967741935483871
Mono/Mφ	TNF	23	2.9669861430707187	396	0.05808080808080808
CD4+ Tconv	TNF	135	2.7761929953539815	1876	0.07196162046908315
NK	TNF	1	3.816497802734375	247	0.004048582995951417
Neutrophil	TNF	7	4.056757347924369	403	0.017369727047146403
CD8+ Teff	TNF	10	3.1876794695854187	120	0.08333333333333333
B cell	TNF	17	2.791674670051126	353	0.04815864022662889
pDC	TNF	2	1.74558025598526	78	0.02564102564102564
CD4+ Treg	TNF	20	2.683465540409088	275	0.07272727272727272
CD8+ Texh	TNF	0	NA	50	0
Mast	TNF	1	3.524550437927246	20	0.05
Plasma cell	TNF	1	1.752125859260559	9	0.1111111111111111
Tgd	TNFRSF14	156	2.798835968359923	733	0.21282401091405184
CD8+ Tmem	TNFRSF14	481	2.6521039675774047	1547	0.31092436974789917
cDC	TNFRSF14	15	1.7882743994394938	31	0.4838709677419355
Mono/Mφ	TNFRSF14	108	2.522001877978996	396	0.2727272727272727
CD4+ Tconv	TNFRSF14	521	2.801086273394711	1876	0.2777185501066098
NK	TNFRSF14	51	2.875003033993291	247	0.20647773279352227
Neutrophil	TNFRSF14	45	4.03138493431939	403	0.11166253101736973
CD8+ Teff	TNFRSF14	37	2.808789401441007	120	0.30833333333333335
B cell	TNFRSF14	121	2.88687511219466	353	0.34277620396600567
pDC	TNFRSF14	25	2.150128417015076	78	0.32051282051282054
CD4+ Treg	TNFRSF14	110	2.6701942162080243	275	0.4
CD8+ Texh	TNFRSF14	24	1.8609119951725006	50	0.48
Mast	TNFRSF14	1	2.1664531230926514	20	0.05
Plasma cell	TNFRSF14	2	1.901792287826538	9	0.2222222222222222
Tgd	TNFRSF18	374	3.4410012061583166	733	0.5102319236016372
CD8+ Tmem	TNFRSF18	105	2.721873072215489	1547	0.06787330316742081
cDC	TNFRSF18	2	1.582956314086914	31	0.06451612903225806
Mono/Mφ	TNFRSF18	15	2.9978722174962362	396	0.03787878787878788
CD4+ Tconv	TNFRSF18	334	3.115406211621747	1876	0.17803837953091683
NK	TNFRSF18	85	3.2445530638975257	247	0.3441295546558704
Neutrophil	TNFRSF18	2	4.2258079051971436	403	0.004962779156327543
CD8+ Teff	TNFRSF18	5	2.3441610097885133	120	0.041666666666666664
B cell	TNFRSF18	6	3.0498796701431274	353	0.0169971671388102
pDC	TNFRSF18	3	2.6075074672698975	78	0.038461538461538464
CD4+ Treg	TNFRSF18	194	3.664249256714103	275	0.7054545454545454
CD8+ Texh	TNFRSF18	3	2.966431458791097	50	0.06
Mast	TNFRSF18	1	3.8702640533447266	20	0.05
Plasma cell	TNFRSF18	0	NA	9	0
Tgd	TNFRSF4	140	2.9544069843632834	733	0.19099590723055934
CD8+ Tmem	TNFRSF4	93	3.2930461283653014	1547	0.060116354234001294
cDC	TNFRSF4	1	1.50499427318573	31	0.03225806451612903
Mono/Mφ	TNFRSF4	11	3.248250820420005	396	0.027777777777777776
CD4+ Tconv	TNFRSF4	547	3.2862539315354455	1876	0.2915778251599147
NK	TNFRSF4	23	2.6643597976021143	247	0.0931174089068826
Neutrophil	TNFRSF4	1	4.087462902069092	403	0.0024813895781637717
CD8+ Teff	TNFRSF4	2	2.485948145389557	120	0.016666666666666666
B cell	TNFRSF4	2	3.079766273498535	353	0.0056657223796034
pDC	TNFRSF4	8	2.500689908862114	78	0.10256410256410256
CD4+ Treg	TNFRSF4	191	3.6988582760875763	275	0.6945454545454546
CD8+ Texh	TNFRSF4	6	2.694000005722046	50	0.12
Mast	TNFRSF4	5	3.017718458175659	20	0.25
Plasma cell	TNFRSF4	0	NA	9	0
Tgd	TNFRSF9	26	2.8112476697334876	733	0.03547066848567531
CD8+ Tmem	TNFRSF9	376	3.1929398648282317	1547	0.24305106658047834
cDC	TNFRSF9	3	2.1336630980173745	31	0.0967741935483871
Mono/Mφ	TNFRSF9	5	2.3161309719085694	396	0.012626262626262626
CD4+ Tconv	TNFRSF9	55	2.9811024687506937	1876	0.02931769722814499
NK	TNFRSF9	21	3.2596038466408137	247	0.08502024291497975
Neutrophil	TNFRSF9	3	3.0670793056488037	403	0.007444168734491315
CD8+ Teff	TNFRSF9	12	3.469194233417511	120	0.1
B cell	TNFRSF9	1	2.3081769943237305	353	0.0028328611898017
pDC	TNFRSF9	1	2.0824296474456787	78	0.01282051282051282
CD4+ Treg	TNFRSF9	111	2.8967049529960565	275	0.4036363636363636
CD8+ Texh	TNFRSF9	19	2.4392931649559424	50	0.38
Mast	TNFRSF9	2	2.3223854303359985	20	0.1
Plasma cell	TNFRSF9	0	NA	9	0
Tgd	TNFSF4	25	2.7141119861602783	733	0.034106412005457026
CD8+ Tmem	TNFSF4	28	2.3160535522869656	1547	0.01809954751131222
cDC	TNFSF4	0	NA	31	0
Mono/Mφ	TNFSF4	0	NA	396	0
CD4+ Tconv	TNFSF4	29	2.5566048498811393	1876	0.015458422174840085
NK	TNFSF4	5	2.5123236894607546	247	0.020242914979757085
Neutrophil	TNFSF4	0	NA	403	0
CD8+ Teff	TNFSF4	1	2.1026222705841064	120	0.008333333333333333
B cell	TNFSF4	4	3.1572421193122864	353	0.0113314447592068
pDC	TNFSF4	1	2.091387987136841	78	0.01282051282051282
CD4+ Treg	TNFSF4	4	2.693186342716217	275	0.014545454545454545
CD8+ Texh	TNFSF4	1	1.6507428884506226	50	0.02
Mast	TNFSF4	0	NA	20	0
Plasma cell	TNFSF4	0	NA	9	0
Tgd	TNFSF9	1	2.509096145629883	733	0.001364256480218281
CD8+ Tmem	TNFSF9	287	2.913439724503494	1547	0.18552036199095023
cDC	TNFSF9	3	1.5353329181671143	31	0.0967741935483871
Mono/Mφ	TNFSF9	9	2.1928888161977134	396	0.022727272727272728
CD4+ Tconv	TNFSF9	43	2.9285709996556126	1876	0.022921108742004266
NK	TNFSF9	11	2.5523198626258154	247	0.044534412955465584
Neutrophil	TNFSF9	1	4.760735034942627	403	0.0024813895781637717
CD8+ Teff	TNFSF9	10	2.931295907497406	120	0.08333333333333333
B cell	TNFSF9	20	2.977117896080017	353	0.056657223796033995
pDC	TNFSF9	8	2.1434809863567352	78	0.10256410256410256
CD4+ Treg	TNFSF9	11	2.4186107136986474	275	0.04
CD8+ Texh	TNFSF9	15	2.7054176807403563	50	0.3
Mast	TNFSF9	0	NA	20	0
Plasma cell	TNFSF9	1	1.6526390314102173	9	0.1111111111111111
Tgd	VEGFA	1	2.5186281204223633	733	0.001364256480218281
CD8+ Tmem	VEGFA	11	2.2775883241133257	1547	0.007110536522301228
cDC	VEGFA	7	1.6193910496575492	31	0.22580645161290322
Mono/Mφ	VEGFA	63	2.944068026921106	396	0.1590909090909091
CD4+ Tconv	VEGFA	14	2.523278074605124	1876	0.007462686567164179
NK	VEGFA	10	2.9433791637420654	247	0.04048582995951417
Neutrophil	VEGFA	28	4.329036218779428	403	0.06947890818858561
CD8+ Teff	VEGFA	2	1.9989502429962158	120	0.016666666666666666
B cell	VEGFA	1	2.2861335277557373	353	0.0028328611898017
pDC	VEGFA	0	NA	78	0
CD4+ Treg	VEGFA	1	2.1621594429016113	275	0.0036363636363636364
CD8+ Texh	VEGFA	1	3.085555076599121	50	0.02
Mast	VEGFA	4	2.855798304080963	20	0.2
Plasma cell	VEGFA	1	1.3164558410644531	9	0.1111111111111111
Tgd	VEGFB	19	2.78067115733498	733	0.02592087312414734
CD8+ Tmem	VEGFB	151	2.544635662179909	1547	0.09760827407886231
cDC	VEGFB	5	2.141374969482422	31	0.16129032258064516
Mono/Mφ	VEGFB	51	2.9650745508717558	396	0.12878787878787878
CD4+ Tconv	VEGFB	117	2.6814963318343854	1876	0.062366737739872065
NK	VEGFB	15	2.722141488393148	247	0.06072874493927125
Neutrophil	VEGFB	3	4.121678352355957	403	0.007444168734491315
CD8+ Teff	VEGFB	9	2.6082767380608454	120	0.075
B cell	VEGFB	36	2.870967467625936	353	0.10198300283286119
pDC	VEGFB	36	2.519922865761651	78	0.46153846153846156
CD4+ Treg	VEGFB	19	2.2314528979753194	275	0.06909090909090909
CD8+ Texh	VEGFB	13	2.021867110179021	50	0.26
Mast	VEGFB	1	3.237518310546875	20	0.05
Plasma cell	VEGFB	1	1.1033306121826172	9	0.1111111111111111
