-- Insert sample leaderboards
INSERT INTO api.leaderboard (id, slug, name, description, created_at, updated_at) VALUES
  ('11111111-1111-1111-1111-111111111111', 'open-source', 'Open Source Models', 'Performance ranking of open-source AI models', '2025-08-01 10:00:00+00', '2025-08-16 14:30:00+00'),
  ('22222222-2222-2222-2222-222222222222', 'commercial', 'Commercial Models', 'Performance ranking of commercial AI models', '2025-08-01 10:00:00+00', '2025-08-16 14:30:00+00');

-- Insert current snapshots
INSERT INTO api.leaderboard_snapshot (id, leaderboard_id, snapshot_identifier, description, created_at) VALUES
  ('f0000000-0000-0000-0000-000000000001', '11111111-1111-1111-1111-111111111111', 'snapshot_2025-08-16_14-30', 'Weekly evaluation run', '2025-08-16 14:30:00+00'),
  ('f0000000-0000-0000-0000-000000000002', '22222222-2222-2222-2222-222222222222', 'snapshot_2025-08-16_14-30', 'Weekly evaluation run', '2025-08-16 14:30:00+00'),
  ('f0000000-0000-0000-0000-000000000003', '11111111-1111-1111-1111-111111111111', 'snapshot_2025-08-09_14-30', 'Previous week evaluation', '2025-08-09 14:30:00+00'),
  ('f0000000-0000-0000-0000-000000000004', '22222222-2222-2222-2222-222222222222', 'snapshot_2025-08-09_14-30', 'Previous week evaluation', '2025-08-09 14:30:00+00');

-- Insert current leaderboard entries for open-source models
INSERT INTO api.leaderboard_entry (id, leaderboard_id, model_id, snapshot_id, bt_score, evaluation_count, rank, secondary_score, created_at) VALUES
  ('e1111111-1111-1111-1111-111111111111', '11111111-1111-1111-1111-111111111111', 'f1111111-1111-1111-1111-111111111111', 'f0000000-0000-0000-0000-000000000001', 0.925, 1250, 1, 0.887, '2025-08-16 14:30:00+00'),
  ('e1111111-1111-1111-1111-111111111112', '11111111-1111-1111-1111-111111111111', 'f3333333-3333-3333-3333-333333333333', 'f0000000-0000-0000-0000-000000000001', 0.918, 1180, 2, 0.875, '2025-08-16 14:30:00+00');


-- Insert historical entries (previous week)
INSERT INTO api.leaderboard_entry (id, leaderboard_id, model_id, snapshot_id, bt_score, evaluation_count, rank, secondary_score, created_at) VALUES
  ('e1111111-1111-1111-1111-111111111113', '11111111-1111-1111-1111-111111111111', 'f1111111-1111-1111-1111-111111111111', 'f0000000-0000-0000-0000-000000000003', 0.915, 1180, 1, 0.875, '2025-08-09 14:30:00+00'),
  ('e1111111-1111-1111-1111-111111111114', '11111111-1111-1111-1111-111111111111', 'f3333333-3333-3333-3333-333333333333', 'f0000000-0000-0000-0000-000000000003', 0.908, 1120, 2, 0.865, '2025-08-09 14:30:00+00'),
  ('e2222222-2222-2222-2222-222222222224', '22222222-2222-2222-2222-222222222222', 'f4444444-4444-4444-4444-444444444444', 'f0000000-0000-0000-0000-000000000004', 0.935, 1400, 1, 0.902, '2025-08-09 14:30:00+00'),
  ('e2222222-2222-2222-2222-222222222225', '22222222-2222-2222-2222-222222222222', 'f5555555-5555-5555-5555-555555555555', 'f0000000-0000-0000-0000-000000000004', 0.928, 1380, 2, 0.895, '2025-08-09 14:30:00+00');